id;operator;vehicle;arrival;departure;distance;total distance;latitude(deg);longitude(deg);maps url;passenger exchange time;total in;total out;system errors;in1(D1L);out1(D1L);status1(D1L);in10(D8L);out10(D8L);status10(D8L);in11(D7L);out11(D7L);status11(D7L);in12(D7P);out12(D7P);status12(D7P);in13(D3L);out13(D3L);status13(D3L);in14(D3P);out14(D3P);status14(D3P);in15(D4P);out15(D4P);status15(D4P);in16(D4L);out16(D4L);status16(D4L);in17(D5L);out17(D5L);status17(D5L);in18(D5P);out18(D5P);status18(D5P);in19(D6P);out19(D6P);status19(D6P);in2(D1P);out2(D1P);status2(D1P);in20(D6L);out20(D6L);status20(D6L);in3(D2P);out3(D2P);status3(D2P);in4(D2L);out4(D2L);status4(D2L);in5(D10P);out5(D10P);status5(D10P);in6(D10L);out6(D10L);status6(D10L);in7(D9L);out7(D9L);status7(D9L);in8(D9P);out8(D9P);status8(D9P);in9(D8P);out9(D8P);status9(D8P)
1;KML4423;36;2025-03-15 03:16:49;n.a.;-200;200;0;0;n/a;0;0;0;0;;;;;;;;;;;;;;;;;;;;;;;;;;;;;;;;;;;;;;;;;;;;;;;;;;;;;;;;;;;;
2;KML4423;36;2025-03-15 03:10:19;2025-03-15 03:19:51;4368;0;0;0;n/a;0;0;0;1;0;0;0;0;0;0;0;0;0;0;0;0;0;0;0;0;0;0;0;0;0;0;0;0;0;0;0;0;0;0;0;0;0;0;0;0;0;0;0;0;0;0;0;0;0;0;0;0;0;0;0;0;0;0;0;0;0;0;0;0
3;KML4423;36;2025-03-15 03:29:20;2025-03-15 03:30:10;7274;4368;52.25193;21.0517;http://maps.google.com/maps?q=52.25193%2C21.0517;2;0;2;0;0;2;0;0;0;0;0;0;0;0;0;0;0;0;0;0;0;0;0;0;0;0;0;0;0;0;0;0;0;0;0;0;0;0;0;0;0;0;0;0;0;0;0;0;0;0;0;0;0;0;0;0;0;0;0;0;0;0;0;0
4;KML4423;36;2025-03-15 03:37:30;2025-03-15 04:00:31;2709;11642;52.2206;20.9658883333333;http://maps.google.com/maps?q=52.2206%2C20.9658883333333;32;3;0;1;0;0;0;0;0;0;0;0;0;0;0;0;0;0;0;0;0;0;0;0;0;0;0;0;0;0;0;0;0;0;0;0;0;0;0;0;0;0;0;0;0;0;0;0;0;0;0;0;3;0;0;0;0;0;0;0;0;0;0;0
5;KML4423;36;2025-03-15 04:03:58;2025-03-15 04:05:42;4557;14351;0;0;n/a;69;13;1;1;2;0;0;0;0;0;0;0;0;0;0;0;3;0;0;0;0;0;0;0;0;0;0;0;0;0;0;0;0;0;0;0;0;0;0;0;0;0;0;0;0;0;5;0;0;0;0;0;3;1;0;0;0;0;0;0;0;0;0;0
6;KML4423;36;2025-03-15 04:15:06;2025-03-15 04:15:48;2436;18908;52.25144;21.05212;http://maps.google.com/maps?q=52.25144%2C21.05212;6;2;0;1;1;0;0;0;0;0;0;0;0;0;0;0;0;0;0;0;0;0;0;0;0;0;0;0;0;0;0;0;0;0;0;0;0;0;0;0;0;0;0;0;0;0;0;0;0;0;0;0;1;0;0;0;0;0;0;0;0;0;0;0
7;KML4423;36;2025-03-15 04:18:27;2025-03-15 04:19:11;17771;21344;52.26433;21.05156;http://maps.google.com/maps?q=52.26433%2C21.05156;15;4;1;0;2;0;0;0;0;0;0;0;0;0;0;0;1;0;0;0;0;0;0;0;0;0;0;0;0;0;0;0;0;0;0;0;0;0;0;0;0;0;0;0;0;0;0;0;0;0;0;0;1;1;0;0;0;0;0;0;0;0;0;0
8;KML4423;36;2025-03-15 04:28:00;2025-03-15 04:31:29;15390;39115;52.4019583333333;20.9409;http://maps.google.com/maps?q=52.4019583333333%2C20.9409;180;4;15;0;0;0;0;0;0;0;0;0;0;0;2;0;0;0;0;0;2;0;0;0;0;0;0;0;0;0;0;0;0;0;1;0;0;0;2;0;0;0;0;0;7;0;0;0;0;3;2;0;0;0;0;0;0;0;0;0;0;0;0;0
9;KML4423;36;2025-03-15 04:38:28;2025-03-15 04:41:52;3663;54505;52.42534;20.72354;http://maps.google.com/maps?q=52.42534%2C20.72354;173;1;7;0;0;0;0;0;0;0;0;0;0;0;0;0;0;4;0;0;0;0;0;0;0;0;0;0;0;0;0;0;0;0;0;0;0;0;0;0;0;0;0;0;0;0;0;2;0;0;0;0;1;1;0;0;0;0;0;0;0;0;0;0
10;KML4423;36;2025-03-15 04:44:50;2025-03-15 05:14:59;3721;58168;52.44369;20.7041;http://maps.google.com/maps?q=52.44369%2C20.7041;1771;33;3;0;6;1;0;5;0;0;6;0;0;0;0;0;0;0;0;0;0;0;0;0;0;1;0;0;5;0;0;0;0;0;0;0;0;0;0;0;0;2;0;0;0;0;1;0;0;0;0;0;4;0;0;5;0;0;0;0;0;0;0;0
11;KML4423;36;2025-03-15 05:18:13;2025-03-15 05:18:58;11067;61889;52.4252583333333;20.72422;http://maps.google.com/maps?q=52.4252583333333%2C20.72422;15;32;2;0;0;0;0;0;0;0;0;0;0;3;0;0;0;0;0;4;0;0;6;0;0;0;0;0;0;0;0;2;1;0;2;0;0;4;1;0;0;0;0;3;0;0;0;0;0;4;0;0;0;0;0;0;0;0;2;0;0;2;0;0
12;KML4423;36;2025-03-15 05:24:23;2025-03-15 05:25:04;2069;72956;52.41578;20.88394;http://maps.google.com/maps?q=52.41578%2C20.88394;13;5;1;0;0;0;0;0;0;0;0;0;0;0;0;0;0;0;0;2;0;0;0;0;0;0;0;0;0;0;0;0;0;0;0;0;0;2;1;0;0;0;0;0;0;0;0;0;0;0;0;0;0;0;0;0;0;0;1;0;0;0;0;0
13;KML4423;36;2025-03-15 05:26:49;2025-03-15 05:27:33;2252;75025;52.41138;20.91337;http://maps.google.com/maps?q=52.41138%2C20.91337;12;10;2;0;0;0;0;0;0;0;0;0;0;1;0;0;0;0;0;2;0;0;1;0;0;0;0;0;0;0;0;2;0;0;1;0;0;3;2;0;0;0;0;0;0;0;0;0;0;0;0;0;0;0;0;0;0;0;0;0;0;0;0;0
14;KML4423;36;2025-03-15 05:29:31;2025-03-15 05:30:40;8283;77277;52.40163;20.9411;http://maps.google.com/maps?q=52.40163%2C20.9411;38;43;2;0;12;1;0;3;0;0;5;0;0;0;0;0;3;0;0;0;0;0;0;0;0;1;0;0;3;0;0;0;0;0;0;0;0;0;0;0;0;0;0;0;0;0;8;1;0;0;0;0;5;0;0;3;0;0;0;0;0;0;0;0
15;KML4423;36;2025-03-15 05:34:50;2025-03-15 05:35:49;4877;85560;52.33376;20.986;http://maps.google.com/maps?q=52.33376%2C20.986;33;8;3;0;0;0;0;0;0;0;0;0;0;1;0;0;0;0;0;0;0;0;0;0;0;0;0;0;0;0;0;0;0;0;1;0;0;1;0;0;0;0;0;1;1;0;0;0;0;2;1;0;0;0;0;0;0;0;0;1;0;2;0;0
16;KML4423;36;2025-03-15 05:38:52;2025-03-15 05:40:12;4660;90437;52.29357;21.01326;http://maps.google.com/maps?q=52.29357%2C21.01326;54;14;4;0;0;0;0;3;0;0;2;1;0;0;0;0;0;0;0;0;0;0;0;0;0;1;0;0;0;0;0;0;0;0;0;0;0;0;0;0;1;0;0;0;0;0;5;3;0;0;0;0;2;0;0;0;0;0;0;0;0;0;0;0
17;KML4423;36;2025-03-15 05:43:38;2025-03-15 05:44:22;2340;95097;52.264;21.05264;http://maps.google.com/maps?q=52.264%2C21.05264;16;6;6;0;0;0;0;0;0;0;0;0;0;0;1;0;0;0;0;0;0;0;2;2;0;0;0;0;0;0;0;0;0;0;1;0;0;2;0;0;0;0;0;0;2;0;0;0;0;1;1;0;0;0;0;0;0;0;0;0;0;0;0;0
18;KML4423;36;2025-03-15 05:47:19;2025-03-15 05:49:36;4600;97437;52.25164;21.05183;http://maps.google.com/maps?q=52.25164%2C21.05183;109;13;30;1;0;0;0;0;0;0;0;0;0;4;2;0;0;0;0;1;1;0;1;2;0;0;0;0;0;0;0;1;4;0;4;1;0;1;4;0;0;0;0;1;3;0;0;0;0;0;7;0;0;0;0;0;0;0;0;3;0;0;3;0
19;KML4423;36;2025-03-15 05:54:33;2025-03-15 05:56:38;2688;102037;0;0;n/a;94;6;51;1;0;0;0;0;0;0;0;0;0;0;7;0;0;0;0;0;6;0;0;6;0;0;0;0;0;0;0;2;7;0;0;3;0;3;5;0;0;0;0;0;4;0;0;0;0;0;1;0;0;0;0;0;0;0;0;9;0;1;3;0
20;KML4423;36;2025-03-15 05:59:13;2025-03-15 06:01:36;2975;104725;52.22079;20.96537;http://maps.google.com/maps?q=52.22079%2C20.96537;111;3;5;1;0;0;0;0;0;0;0;0;0;0;1;0;0;0;0;0;0;0;0;0;0;0;0;0;0;0;0;1;1;0;0;0;0;1;1;0;0;0;0;0;0;0;0;0;0;0;0;0;0;0;0;0;0;0;0;2;0;1;0;0
21;KML4423;36;2025-03-15 06:05:18;2025-03-15 06:06:32;2048;107700;52.2055983333333;20.9412983333333;http://maps.google.com/maps?q=52.2055983333333%2C20.9412983333333;49;4;5;0;0;0;0;0;0;0;0;0;0;0;1;0;0;0;0;1;0;0;0;0;0;0;0;0;0;0;0;0;1;0;0;0;0;1;3;0;0;0;0;1;0;0;0;0;0;1;0;0;0;0;0;0;0;0;0;0;0;0;0;0
22;KML4423;36;2025-03-15 06:08:19;2025-03-15 06:09:36;1091;109748;52.19674;20.96631;http://maps.google.com/maps?q=52.19674%2C20.96631;45;5;7;0;0;0;0;0;0;0;0;0;0;0;0;0;0;0;0;0;0;0;2;0;0;0;0;0;0;0;0;1;1;0;0;0;0;2;2;0;0;0;0;0;0;0;0;0;0;0;2;0;0;0;0;0;0;0;0;2;0;0;0;0
23;KML4423;36;2025-03-15 06:10:44;2025-03-15 06:12:35;1597;110839;52.1932;20.9811883333333;http://maps.google.com/maps?q=52.1932%2C20.9811883333333;80;1;6;0;0;0;0;0;0;0;0;0;0;0;0;0;0;0;0;0;0;0;0;1;0;0;0;0;0;0;0;0;0;0;0;0;0;1;2;0;0;0;0;0;1;0;0;0;0;0;2;0;0;0;0;0;0;0;0;0;0;0;0;0
24;KML4423;36;2025-03-15 06:14:08;2025-03-15 06:15:32;2020;112436;52.18045;20.98694;http://maps.google.com/maps?q=52.18045%2C20.98694;58;11;11;0;6;0;0;0;0;0;0;1;0;0;0;0;2;0;0;0;0;0;0;0;0;0;1;0;2;1;0;0;0;0;0;0;0;0;0;0;1;4;0;0;0;0;0;0;0;0;0;0;0;3;0;0;1;0;0;0;0;0;0;0
25;KML4423;36;2025-03-15 06:18:03;2025-03-15 06:40:50;2100;114456;0;0;n/a;1340;57;49;1;0;0;0;0;0;0;0;0;0;2;1;0;0;0;0;4;3;0;1;6;0;0;0;0;0;0;0;2;7;0;2;6;0;40;10;0;0;0;0;2;12;0;0;0;0;1;3;0;0;0;0;0;0;0;3;0;0;0;1;0
26;KML4423;36;2025-03-15 06:43:33;2025-03-15 06:44:32;1574;116556;52.18104;20.98714;http://maps.google.com/maps?q=52.18104%2C20.98714;31;9;5;1;0;0;0;0;0;0;0;0;0;0;0;0;0;0;0;1;0;0;2;1;0;0;0;0;0;0;0;1;0;0;2;0;0;1;1;0;0;0;0;0;0;0;0;0;0;2;3;0;0;0;0;0;0;0;0;0;0;0;0;0
27;KML4423;36;2025-03-15 06:46:03;2025-03-15 06:46:58;1078;118130;52.19334;20.98071;http://maps.google.com/maps?q=52.19334%2C20.98071;26;3;0;0;0;0;0;0;0;0;0;0;0;0;0;0;1;0;0;0;0;0;0;0;0;0;0;0;0;0;0;0;0;0;0;0;0;0;0;0;1;0;0;0;0;0;0;0;0;0;0;0;1;0;0;0;0;0;0;0;0;0;0;0
28;KML4423;36;2025-03-15 06:48:07;2025-03-15 06:49:30;2062;119208;52.19685;20.96605;http://maps.google.com/maps?q=52.19685%2C20.96605;55;7;3;0;1;0;0;0;0;0;2;0;0;0;0;0;0;2;0;0;0;0;0;0;0;0;0;0;1;0;0;0;0;0;0;0;0;0;0;0;0;0;0;0;0;0;0;0;0;0;0;0;2;1;0;1;0;0;0;0;0;0;0;0
29;KML4423;36;2025-03-15 06:51:27;2025-03-15 06:52:33;2815;121270;52.20594;20.94128;http://maps.google.com/maps?q=52.20594%2C20.94128;21;3;1;0;0;0;0;0;0;0;0;0;0;0;0;0;0;0;0;0;0;0;0;0;0;0;0;0;0;0;0;0;0;0;0;0;0;1;0;0;0;0;0;0;0;0;0;0;0;2;1;0;0;0;0;0;0;0;0;0;0;0;0;0
30;KML4423;36;2025-03-15 06:55:45;2025-03-15 07:00:43;2738;124085;52.22003;20.96521;http://maps.google.com/maps?q=52.22003%2C20.96521;272;22;17;0;0;0;0;0;0;0;0;0;0;6;2;0;0;0;0;2;0;0;1;4;0;0;0;0;0;0;0;1;2;0;5;0;0;1;6;0;0;0;0;1;2;0;0;0;0;1;1;0;0;0;0;0;0;0;0;0;0;4;0;0
31;KML4423;36;2025-03-15 07:03:46;2025-03-15 07:05:52;4558;126823;0;0;n/a;13;36;16;1;2;0;0;4;1;0;3;2;0;0;0;0;3;6;0;0;0;0;0;0;0;4;0;0;5;0;0;0;0;0;0;0;0;0;0;0;5;1;0;0;0;0;3;4;0;0;0;0;5;1;0;2;1;0;0;0;0;0;0;0
32;KML4423;36;2025-03-15 07:11:08;2025-03-15 07:14:43;2431;131381;52.25132;21.0521283333333;http://maps.google.com/maps?q=52.25132%2C21.0521283333333;182;37;24;1;0;0;0;0;0;0;0;0;0;6;2;0;0;0;0;6;1;0;1;5;0;0;0;0;0;0;0;2;3;0;6;4;0;7;5;0;0;0;0;3;1;0;0;0;0;3;2;0;0;0;0;0;0;0;1;0;0;2;1;0
33;KML4423;36;2025-03-15 07:17:45;2025-03-15 07:18:29;4639;133812;52.26429;21.05171;http://maps.google.com/maps?q=52.26429%2C21.05171;11;6;1;1;0;0;0;1;0;0;1;0;0;0;0;0;0;0;0;0;0;0;0;0;0;1;0;0;0;0;0;0;0;0;0;0;0;0;0;0;1;0;0;0;0;0;0;0;0;0;0;0;2;1;0;0;0;0;0;0;0;0;0;0
34;KML4423;36;2025-03-15 07:21:53;2025-03-15 07:22:39;4866;138451;52.29371;21.0134783333333;http://maps.google.com/maps?q=52.29371%2C21.0134783333333;17;5;14;0;0;0;0;0;0;0;0;0;0;0;0;0;0;0;0;0;3;0;1;2;0;0;0;0;0;0;0;0;0;0;0;1;0;1;1;0;0;0;0;0;4;0;0;0;0;2;3;0;0;0;0;0;0;0;0;0;0;1;0;0
35;KML4423;36;2025-03-15 07:25:24;2025-03-15 07:26:12;8202;143317;52.33406;20.986;http://maps.google.com/maps?q=52.33406%2C20.986;21;5;6;0;0;0;0;1;1;0;0;0;0;0;0;0;0;0;0;0;0;0;0;0;0;0;1;0;1;0;0;0;0;0;0;0;0;0;0;0;0;0;0;0;0;0;3;0;0;0;0;0;0;2;0;0;2;0;0;0;0;0;0;0
36;KML4423;36;2025-03-15 07:30:40;2025-03-15 07:32:00;2134;151519;52.4014;20.94173;http://maps.google.com/maps?q=52.4014%2C20.94173;52;7;36;0;1;0;0;0;3;0;0;3;0;0;0;0;0;3;0;0;0;0;0;0;0;1;4;0;2;8;0;0;0;0;0;0;0;0;0;0;0;7;0;0;0;0;0;3;0;0;0;0;1;2;0;2;3;0;0;0;0;0;0;0
37;KML4423;36;2025-03-15 07:34:00;2025-03-15 07:36:05;2078;153653;52.41107;20.91583;http://maps.google.com/maps?q=52.41107%2C20.91583;94;3;9;0;0;0;0;0;0;0;0;1;0;0;0;0;0;0;0;0;0;0;0;0;0;0;0;0;1;3;0;0;0;0;0;0;0;0;0;0;0;0;0;0;0;0;0;0;0;0;0;0;0;4;0;2;1;0;0;0;0;0;0;0
38;KML4423;36;2025-03-15 07:37:47;2025-03-15 07:38:28;11286;155731;52.41552;20.88625;http://maps.google.com/maps?q=52.41552%2C20.88625;12;2;7;0;0;0;0;0;0;0;0;0;0;0;0;0;0;0;0;0;0;0;0;0;0;0;0;0;0;0;0;0;0;0;0;0;0;0;0;0;0;0;0;0;0;0;2;1;0;0;0;0;0;3;0;0;3;0;0;0;0;0;0;0
39;KML4423;36;2025-03-15 07:43:51;2025-03-15 07:44:40;3647;167017;52.42536;20.72322;http://maps.google.com/maps?q=52.42536%2C20.72322;19;2;27;0;0;1;0;0;4;0;0;4;0;0;0;0;0;3;0;0;0;0;0;0;0;0;0;0;0;5;0;0;0;0;0;0;0;0;0;0;0;3;0;0;0;0;0;0;0;0;0;0;2;5;0;0;2;0;0;0;0;0;0;0
40;KML4423;36;2025-03-15 07:47:40;2025-03-15 08:15:57;3752;170664;52.44373;20.70419;http://maps.google.com/maps?q=52.44373%2C20.70419;1652;30;33;0;14;11;0;2;2;0;2;2;0;0;0;0;5;0;0;0;0;0;0;0;0;6;1;0;1;4;0;0;0;0;0;0;0;0;0;0;0;4;0;0;0;0;0;5;0;0;0;0;0;0;0;0;4;0;0;0;0;0;0;0
41;KML4423;36;2025-03-15 08:18:54;2025-03-15 08:19:42;11043;174416;52.42524;20.7246;http://maps.google.com/maps?q=52.42524%2C20.7246;19;49;5;0;0;0;0;0;0;0;0;0;0;4;1;0;0;0;0;1;0;0;4;1;0;0;0;0;0;0;0;6;1;0;7;0;0;3;2;0;0;0;0;3;0;0;0;0;0;9;0;0;0;0;0;0;0;0;7;0;0;5;0;0
42;KML4423;36;2025-03-15 08:24:46;2025-03-15 08:25:39;2073;185459;52.41578;20.88397;http://maps.google.com/maps?q=52.41578%2C20.88397;23;17;2;0;0;0;0;0;0;0;0;0;0;3;0;0;0;0;0;4;1;0;1;0;0;0;0;0;0;0;0;2;0;0;1;0;0;5;1;0;0;0;0;0;0;0;0;0;0;0;0;0;0;0;0;0;0;0;1;0;0;0;0;0
43;KML4423;36;2025-03-15 08:27:21;2025-03-15 08:28:26;2242;187532;52.41137;20.9134283333333;http://maps.google.com/maps?q=52.41137%2C20.9134283333333;27;29;1;0;0;0;0;0;0;0;0;0;0;1;0;0;0;0;0;5;0;0;2;0;0;0;0;0;0;0;0;3;0;0;1;0;0;6;1;0;0;0;0;5;0;0;0;0;0;3;0;0;0;0;0;0;0;0;2;0;0;1;0;0
44;KML4423;36;2025-03-15 08:30:12;2025-03-15 08:31:30;8290;189774;52.40167;20.94109;http://maps.google.com/maps?q=52.40167%2C20.94109;48;79;6;0;18;3;0;7;0;0;7;0;0;0;0;0;6;0;0;0;0;0;0;0;0;7;1;0;6;2;0;0;0;0;0;0;0;0;0;0;6;0;0;0;0;0;8;0;0;0;0;0;4;0;0;10;0;0;0;0;0;0;0;0
45;KML4423;36;2025-03-15 08:35:39;2025-03-15 08:36:24;4867;198064;52.33372;20.98602;http://maps.google.com/maps?q=52.33372%2C20.98602;14;13;2;0;0;0;0;0;0;0;0;0;0;1;1;0;0;0;0;0;0;0;3;0;0;0;0;0;0;0;0;0;0;0;0;0;0;3;1;0;0;0;0;1;0;0;0;0;0;1;0;0;0;0;0;0;0;0;3;0;0;1;0;0
46;KML4423;36;2025-03-15 08:39:29;2025-03-15 08:40:22;4655;202931;52.29357;21.0132783333333;http://maps.google.com/maps?q=52.29357%2C21.0132783333333;22;8;17;0;2;2;0;1;1;0;0;0;0;0;0;0;0;3;0;0;0;0;0;0;0;1;1;0;0;4;0;0;0;0;0;0;0;0;0;0;0;0;0;0;0;0;1;0;0;0;0;0;2;5;0;1;1;0;0;0;0;0;0;0
47;KML4423;36;2025-03-15 08:43:55;2025-03-15 08:44:39;2373;207586;52.26407;21.05244;http://maps.google.com/maps?q=52.26407%2C21.05244;13;1;10;0;0;0;0;0;0;0;0;0;0;0;1;0;0;0;0;1;1;0;0;0;0;0;0;0;0;0;0;0;0;0;0;1;0;0;4;0;0;0;0;0;0;0;0;0;0;0;3;0;0;0;0;0;0;0;0;0;0;0;0;0
48;KML4423;36;2025-03-15 08:47:45;2025-03-15 08:49:49;4586;209959;52.25158;21.05157;http://maps.google.com/maps?q=52.25158%2C21.05157;73;8;42;1;0;0;0;0;0;0;0;0;0;0;6;0;0;0;0;0;0;0;1;6;0;0;0;0;0;0;0;1;3;0;0;3;0;2;7;0;0;0;0;0;7;0;0;0;0;0;3;0;0;0;0;0;0;0;2;5;0;2;2;0
49;KML4423;36;2025-03-15 08:54:50;2025-03-15 08:56:36;2676;214545;0;0;n/a;76;17;100;1;0;0;0;0;0;0;0;0;0;0;10;0;0;0;0;0;9;0;0;7;0;0;0;0;0;0;0;0;6;0;0;11;0;5;17;0;0;0;0;8;12;0;0;0;0;2;10;0;0;0;0;0;0;0;2;10;0;0;8;0
50;KML4423;36;2025-03-15 08:59:44;2025-03-15 09:01:51;2981;217221;52.22077;20.96547;http://maps.google.com/maps?q=52.22077%2C20.96547;94;16;13;1;0;0;0;0;0;0;0;0;0;3;3;0;0;0;0;4;2;0;1;1;0;0;0;0;0;0;0;3;1;0;0;1;0;4;2;0;0;0;0;0;1;0;0;0;0;0;0;0;0;0;0;0;0;0;1;2;0;0;0;0
51;KML4423;36;2025-03-15 09:05:33;2025-03-15 09:06:35;2044;220202;52.20562;20.94132;http://maps.google.com/maps?q=52.20562%2C20.94132;32;4;5;0;0;0;0;0;0;0;0;0;0;0;0;0;0;0;0;1;0;0;0;1;0;0;0;0;0;0;0;0;0;0;0;0;0;1;1;0;0;0;0;2;0;0;0;0;0;0;1;0;0;0;0;0;0;0;0;2;0;0;0;0
52;KML4423;36;2025-03-15 09:08:26;2025-03-15 09:09:33;1097;222246;52.19679;20.96624;http://maps.google.com/maps?q=52.19679%2C20.96624;33;3;4;0;0;0;0;0;0;0;0;0;0;0;0;0;0;0;0;2;0;0;0;0;0;0;0;0;0;0;0;0;0;0;0;0;0;1;1;0;0;0;0;0;0;0;0;0;0;0;3;0;0;0;0;0;0;0;0;0;0;0;0;0
53;KML4423;36;2025-03-15 09:10:38;2025-03-15 09:12:36;1602;223343;52.19322;20.9812;http://maps.google.com/maps?q=52.19322%2C20.9812;86;1;3;0;0;0;0;0;0;0;0;0;0;0;0;0;0;0;0;0;0;0;0;0;0;0;0;0;0;0;0;0;0;0;0;1;0;1;1;0;0;0;0;0;0;0;0;0;0;0;0;0;0;0;0;0;0;0;0;1;0;0;0;0
54;KML4423;36;2025-03-15 09:14:25;2025-03-15 09:15:40;2019;224945;52.18045;20.98698;http://maps.google.com/maps?q=52.18045%2C20.98698;40;5;9;0;1;4;0;2;1;0;1;0;0;0;0;0;0;0;0;0;0;0;0;0;0;0;0;0;0;1;0;0;0;0;0;0;0;0;0;0;0;1;0;0;0;0;0;1;0;0;0;0;1;1;0;0;0;0;0;0;0;0;0;0
55;KML4423;36;2025-03-15 09:18:30;2025-03-15 09:40:53;2095;226964;0;0;n/a;1304;49;54;1;0;0;0;0;0;0;0;0;0;1;5;0;0;0;0;4;5;0;2;8;0;0;0;0;0;0;0;1;3;0;1;2;0;26;9;0;0;0;0;12;10;0;0;0;0;2;3;0;0;0;0;0;0;0;0;6;0;0;3;0
56;KML4423;36;2025-03-15 09:43:23;2025-03-15 09:44:35;1557;229059;52.18101;20.98716;http://maps.google.com/maps?q=52.18101%2C20.98716;39;9;5;1;0;0;0;0;0;0;0;0;0;1;0;0;0;0;0;0;0;0;0;0;0;0;0;0;0;0;0;0;0;0;0;0;0;1;2;0;0;0;0;6;1;0;0;0;0;1;1;0;0;0;0;0;0;0;0;1;0;0;0;0
57;KML4423;36;2025-03-15 09:46:04;2025-03-15 09:47:03;1096;230616;52.19328;20.98103;http://maps.google.com/maps?q=52.19328%2C20.98103;28;4;4;0;0;0;0;0;0;0;1;0;0;0;0;0;0;0;0;0;0;0;0;0;0;0;0;0;3;1;0;0;0;0;0;0;0;0;0;0;0;0;0;0;0;0;0;3;0;0;0;0;0;0;0;0;0;0;0;0;0;0;0;0
58;KML4423;36;2025-03-15 09:48:07;2025-03-15 09:49:35;2040;231712;52.19685;20.9661;http://maps.google.com/maps?q=52.19685%2C20.9661;59;6;3;0;0;1;0;1;0;0;0;0;0;0;0;0;1;1;0;0;0;0;0;0;0;1;0;0;0;0;0;0;0;0;0;0;0;0;0;0;0;0;0;0;0;0;0;1;0;0;0;0;2;0;0;1;0;0;0;0;0;0;0;0
59;KML4423;36;2025-03-15 09:51:33;2025-03-15 09:52:45;2866;233752;52.20578;20.94145;http://maps.google.com/maps?q=52.20578%2C20.94145;39;7;2;0;0;0;0;0;0;0;0;0;0;0;0;0;0;0;0;0;0;0;4;0;0;0;0;0;0;0;0;0;0;0;0;0;0;0;1;0;0;0;0;2;1;0;0;0;0;0;0;0;0;0;0;0;0;0;0;0;0;1;0;0
60;KML4423;36;2025-03-15 09:55:59;2025-03-15 10:00:39;2708;236618;52.2202783333333;20.9652283333333;http://maps.google.com/maps?q=52.2202783333333%2C20.9652283333333;249;19;18;0;1;6;0;0;1;0;1;3;0;0;0;0;1;0;0;0;0;0;0;0;0;4;1;0;5;3;0;0;0;0;0;0;0;0;0;0;0;1;0;0;0;0;0;2;0;0;0;0;3;0;0;4;1;0;0;0;0;0;0;0
61;KML4423;36;2025-03-15 10:04:17;2025-03-15 10:05:40;4558;239326;0;0;n/a;48;16;25;1;0;0;0;0;0;0;0;0;0;2;0;0;0;0;0;0;4;0;0;3;0;0;0;0;0;0;0;3;0;0;3;0;0;2;6;0;0;0;0;0;5;0;0;0;0;2;7;0;0;0;0;0;0;0;1;0;0;3;0;0
62;KML4423;36;2025-03-15 10:10:38;2025-03-15 10:14:35;2431;243884;52.25141;21.052;http://maps.google.com/maps?q=52.25141%2C21.052;130;27;14;1;1;3;0;3;0;0;3;1;0;0;0;0;7;3;0;0;0;0;0;0;0;3;1;0;0;0;0;0;0;0;0;0;0;0;0;0;1;0;0;0;0;0;5;3;0;0;0;0;2;1;0;2;2;0;0;0;0;0;0;0
63;KML4423;36;2025-03-15 10:17:07;2025-03-15 10:18:00;4631;246315;52.26429;21.0516783333333;http://maps.google.com/maps?q=52.26429%2C21.0516783333333;24;3;2;0;1;0;0;0;0;0;0;0;0;0;0;0;0;0;0;0;0;0;0;0;0;0;0;0;0;0;0;0;0;0;0;0;0;0;0;0;0;0;0;0;0;0;0;0;0;0;0;0;2;2;0;0;0;0;0;0;0;0;0;0
64;KML4423;36;2025-03-15 10:21:25;2025-03-15 10:22:36;4861;250946;52.29363;21.01351;http://maps.google.com/maps?q=52.29363%2C21.01351;41;6;8;0;0;0;0;0;0;0;0;0;0;1;3;0;0;0;0;1;2;0;0;2;0;0;0;0;0;0;0;0;0;0;0;0;0;1;0;0;0;0;0;2;1;0;0;0;0;0;0;0;0;0;0;0;0;0;1;0;0;0;0;0
65;KML4423;36;2025-03-15 10:25:28;2025-03-15 10:26:17;8202;255807;52.33403;20.98601;http://maps.google.com/maps?q=52.33403%2C20.98601;14;6;6;0;0;0;0;0;0;0;1;1;0;0;0;0;0;0;0;0;0;0;0;0;0;0;0;0;1;2;0;0;0;0;0;0;0;0;0;0;0;0;0;0;0;0;2;1;0;0;0;0;2;0;0;0;2;0;0;0;0;0;0;0
66;KML4423;36;2025-03-15 10:30:50;2025-03-15 10:31:37;2133;264009;52.4014;20.94173;http://maps.google.com/maps?q=52.4014%2C20.94173;17;3;29;0;1;3;0;0;2;0;1;1;0;0;0;0;0;5;0;0;0;0;0;0;0;0;4;0;0;3;0;0;0;0;0;0;0;0;0;0;0;5;0;0;0;0;0;1;0;0;0;0;1;2;0;0;3;0;0;0;0;0;0;0
67;KML4423;36;2025-03-15 10:33:36;2025-03-15 10:34:33;2084;266142;52.41106;20.91584;http://maps.google.com/maps?q=52.41106%2C20.91584;29;2;11;0;0;1;0;0;0;0;0;1;0;0;0;0;0;1;0;0;0;0;0;0;0;0;1;0;0;0;0;0;0;0;0;0;0;0;0;0;0;1;0;0;0;0;0;1;0;0;0;0;2;3;0;0;2;0;0;0;0;0;0;0
68;KML4423;36;2025-03-15 10:36:22;2025-03-15 10:37:07;11276;268226;52.41552;20.8862;http://maps.google.com/maps?q=52.41552%2C20.8862;14;5;8;0;0;0;0;0;0;0;0;0;0;0;0;0;0;0;0;0;0;0;0;0;0;0;0;0;1;2;0;0;0;0;0;0;0;0;0;0;1;0;0;0;0;0;0;0;0;0;0;0;3;2;0;0;4;0;0;0;0;0;0;0
69;KML4423;36;2025-03-15 10:42:33;2025-03-15 10:43:48;3646;279502;52.42535;20.72332;http://maps.google.com/maps?q=52.42535%2C20.72332;45;9;25;0;3;0;0;0;0;0;2;2;0;0;0;0;2;0;0;0;0;0;0;0;0;0;3;0;0;8;0;0;0;0;0;0;0;0;0;0;0;3;0;0;0;0;0;3;0;0;0;0;2;3;0;0;3;0;0;0;0;0;0;0
70;KML4423;36;2025-03-15 10:46:49;2025-03-15 11:14:39;3752;283148;52.44369;20.70413;http://maps.google.com/maps?q=52.44369%2C20.70413;1635;29;25;0;7;9;0;0;1;0;1;3;0;0;0;0;4;6;0;0;0;0;0;0;0;2;0;0;0;0;0;0;0;0;0;0;0;0;0;0;11;0;0;0;0;0;2;2;0;0;0;0;2;2;0;0;2;0;0;0;0;0;0;0
71;KML4423;36;2025-03-15 11:17:43;2025-03-15 11:18:36;11038;286900;52.42522;20.72468;http://maps.google.com/maps?q=52.42522%2C20.72468;19;53;4;0;0;0;0;0;0;0;0;0;0;8;0;0;0;0;0;3;1;0;3;0;0;0;0;0;0;0;0;4;0;0;10;1;0;2;1;0;0;0;0;2;0;0;0;0;0;11;0;0;0;0;0;0;0;0;3;0;0;7;1;0
72;KML4423;36;2025-03-15 11:23:43;2025-03-15 11:24:31;2071;297938;52.41574;20.88397;http://maps.google.com/maps?q=52.41574%2C20.88397;19;13;3;0;0;0;0;0;0;0;0;0;0;0;0;0;0;0;0;1;0;0;3;3;0;0;0;0;0;0;0;1;0;0;2;0;0;3;0;0;0;0;0;0;0;0;0;0;0;1;0;0;0;0;0;0;0;0;1;0;0;1;0;0
73;KML4423;36;2025-03-15 11:26:05;2025-03-15 11:26:57;2245;300009;52.41135;20.9134283333333;http://maps.google.com/maps?q=52.41135%2C20.9134283333333;15;22;2;0;0;0;0;0;0;0;0;0;0;2;0;0;0;0;0;2;0;0;1;0;0;0;0;0;0;0;0;3;1;0;3;0;0;5;0;0;0;0;0;4;1;0;0;0;0;1;0;0;0;0;0;0;0;0;0;0;0;1;0;0
74;KML4423;36;2025-03-15 11:28:33;2025-03-15 11:29:35;8350;302254;52.40164;20.94107;http://maps.google.com/maps?q=52.40164%2C20.94107;30;38;6;0;9;2;0;0;0;0;2;1;0;0;0;0;5;0;0;0;0;0;0;0;0;6;0;0;2;1;0;0;0;0;0;0;0;0;0;0;7;1;0;0;0;0;4;0;0;0;0;0;1;1;0;2;0;0;0;0;0;0;0;0
75;KML4423;36;2025-03-15 11:33:52;2025-03-15 11:35:00;4805;310604;52.33318;20.98632;http://maps.google.com/maps?q=52.33318%2C20.98632;16;10;2;0;0;0;0;0;0;0;0;0;0;0;0;0;0;0;0;0;0;0;0;0;0;0;0;0;0;0;0;0;0;0;0;0;0;0;0;0;0;0;0;0;0;0;0;0;0;10;0;0;0;0;0;0;0;0;0;0;0;0;2;0
76;KML4423;36;2025-03-15 11:37:51;2025-03-15 11:38:57;4655;315409;52.29364;21.01322;http://maps.google.com/maps?q=52.29364%2C21.01322;5;4;6;0;0;3;0;0;0;0;0;0;0;0;0;0;0;0;0;0;0;0;0;0;0;0;0;0;1;1;0;0;0;0;0;0;0;0;0;0;0;0;0;0;0;0;0;1;0;0;0;0;3;0;0;0;1;0;0;0;0;0;0;0
77;KML4423;36;2025-03-15 11:42:26;2025-03-15 11:43:10;2374;320064;52.26403;21.05246;http://maps.google.com/maps?q=52.26403%2C21.05246;18;2;13;0;0;0;0;0;0;0;0;0;0;0;2;0;0;0;0;0;1;0;0;0;0;0;0;0;0;0;0;1;5;0;0;0;0;1;5;0;0;0;0;0;0;0;0;0;0;0;0;0;0;0;0;0;0;0;0;0;0;0;0;0
78;KML4423;36;2025-03-15 11:46:11;2025-03-15 11:49:35;4580;322438;52.25156;21.05155;http://maps.google.com/maps?q=52.25156%2C21.05155;170;18;25;1;0;0;0;0;0;0;0;0;0;1;3;0;0;0;0;3;3;0;3;1;0;0;0;0;0;0;0;3;1;0;2;1;0;2;2;0;0;0;0;2;2;0;0;0;0;0;6;0;0;0;0;0;0;0;2;4;0;0;2;0
79;KML4423;36;2025-03-15 11:54:40;2025-03-15 11:56:34;2694;327018;0;0;n/a;81;13;95;1;0;0;0;0;0;0;0;0;0;1;9;0;0;0;0;0;7;0;0;10;0;0;0;0;0;0;0;0;16;0;2;14;0;4;10;0;0;0;0;0;6;0;0;0;0;1;12;0;0;0;0;0;0;0;2;6;0;3;5;0
80;KML4423;36;2025-03-15 11:59:44;2025-03-15 12:01:49;2975;329712;52.2207283333333;20.9655;http://maps.google.com/maps?q=52.2207283333333%2C20.9655;96;13;8;1;0;0;0;0;0;0;0;0;0;8;2;0;0;0;0;0;1;0;0;3;0;0;0;0;0;0;0;0;0;0;0;0;0;2;1;0;0;0;0;0;1;0;0;0;0;0;0;0;0;0;0;0;0;0;2;0;0;1;0;0
81;KML4423;36;2025-03-15 12:05:26;2025-03-15 12:06:28;2032;332687;52.20555;20.94134;http://maps.google.com/maps?q=52.20555%2C20.94134;35;5;3;0;0;0;0;0;0;0;0;0;0;1;0;0;0;0;0;0;1;0;0;0;0;0;0;0;0;0;0;0;0;0;1;1;0;1;1;0;0;0;0;0;0;0;0;0;0;1;0;0;0;0;0;0;0;0;1;0;0;0;0;0
82;KML4423;36;2025-03-15 12:08:11;2025-03-15 12:09:30;1104;334719;52.19677;20.96615;http://maps.google.com/maps?q=52.19677%2C20.96615;52;3;12;0;0;0;0;0;0;0;0;0;0;0;0;0;0;0;0;0;0;0;0;2;0;0;0;0;0;0;0;0;4;0;2;1;0;0;0;0;0;0;0;0;2;0;0;0;0;0;1;0;0;0;0;0;0;0;0;1;0;1;1;0
83;KML4423;36;2025-03-15 12:10:39;2025-03-15 12:12:34;1576;335823;52.19318;20.9811783333333;http://maps.google.com/maps?q=52.19318%2C20.9811783333333;84;3;2;0;0;0;0;0;0;0;0;0;0;0;0;0;0;0;0;0;0;0;0;0;0;0;0;0;0;0;0;0;0;0;0;0;0;1;1;0;0;0;0;0;0;0;0;0;0;2;1;0;0;0;0;0;0;0;0;0;0;0;0;0
84;KML4423;36;2025-03-15 12:14:21;2025-03-15 12:15:36;2041;337399;52.18067;20.98695;http://maps.google.com/maps?q=52.18067%2C20.98695;38;2;4;0;0;2;0;0;0;0;0;0;0;0;0;0;0;0;0;0;0;0;0;0;0;1;0;0;0;0;0;0;0;0;0;0;0;0;0;0;0;0;0;0;0;0;0;0;0;0;0;0;1;2;0;0;0;0;0;0;0;0;0;0
85;KML4423;36;2025-03-15 12:18:33;2025-03-15 12:41:10;2099;339440;0;0;n/a;1323;114;70;1;0;0;0;0;0;0;0;0;0;7;7;0;0;0;0;5;3;0;11;9;0;0;0;0;0;0;0;10;4;0;5;5;0;45;13;0;0;0;0;19;8;0;0;0;0;1;5;0;0;0;0;0;0;0;2;8;0;9;8;0
86;KML4423;36;2025-03-15 12:43:59;2025-03-15 12:44:50;1536;341539;52.18103;20.98716;http://maps.google.com/maps?q=52.18103%2C20.98716;16;12;6;1;0;0;0;0;0;0;0;0;0;0;0;0;0;0;0;1;0;0;2;1;0;0;0;0;0;0;0;2;0;0;3;0;0;2;2;0;0;0;0;1;0;0;0;0;0;1;3;0;0;0;0;0;0;0;0;0;0;0;0;0
87;KML4423;36;2025-03-15 12:46:23;2025-03-15 12:47:05;1115;343075;52.19319;20.98121;http://maps.google.com/maps?q=52.19319%2C20.98121;17;3;7;0;1;0;0;0;0;0;0;6;0;0;0;0;0;0;0;0;0;0;0;0;0;0;0;0;0;0;0;0;0;0;0;0;0;0;0;0;0;0;0;0;0;0;0;0;0;0;0;0;2;1;0;0;0;0;0;0;0;0;0;0
88;KML4423;36;2025-03-15 12:48:11;2025-03-15 12:49:33;2015;344190;52.19683;20.96606;http://maps.google.com/maps?q=52.19683%2C20.96606;49;7;4;0;0;0;0;1;2;0;0;0;0;0;0;0;0;1;0;0;0;0;0;0;0;0;0;0;1;0;0;0;0;0;0;0;0;0;0;0;1;1;0;0;0;0;0;0;0;0;0;0;3;0;0;1;0;0;0;0;0;0;0;0
89;KML4423;36;2025-03-15 12:51:38;2025-03-15 12:52:39;2882;346205;52.20556;20.94165;http://maps.google.com/maps?q=52.20556%2C20.94165;30;9;6;0;0;0;0;0;0;0;0;0;0;1;0;0;0;0;0;1;1;0;0;2;0;0;0;0;0;0;0;0;2;0;4;0;0;1;1;0;0;0;0;0;0;0;0;0;0;1;0;0;0;0;0;0;0;0;0;0;0;1;0;0
90;KML4423;36;2025-03-15 12:55:53;2025-03-15 13:00:54;2742;349087;52.22018;20.96484;http://maps.google.com/maps?q=52.22018%2C20.96484;271;10;20;0;1;6;0;0;0;0;4;2;0;0;0;0;0;1;0;0;0;0;0;0;0;1;2;0;0;0;0;0;0;0;0;0;0;0;0;0;0;3;0;0;0;0;1;4;0;0;0;0;3;2;0;0;0;0;0;0;0;0;0;0
91;KML4423;36;2025-03-15 13:04:40;2025-03-15 13:05:53;4539;351829;0;0;n/a;41;82;49;1;12;7;0;2;0;0;3;0;0;0;0;0;14;10;0;0;0;0;0;0;0;12;8;0;11;0;0;0;0;0;0;0;0;0;0;0;9;3;0;0;0;0;11;15;0;0;0;0;5;3;0;3;3;0;0;0;0;0;0;0
92;KML4423;36;2025-03-15 13:10:51;2025-03-15 13:14:58;2416;356368;52.25132;21.05211;http://maps.google.com/maps?q=52.25132%2C21.05211;214;39;23;1;0;0;0;0;0;0;0;0;0;3;0;0;0;0;0;5;3;0;4;6;0;0;0;0;0;0;0;2;2;0;11;0;0;3;0;0;0;0;0;3;6;0;0;0;0;6;3;0;0;0;0;0;0;0;1;3;0;1;0;0
93;KML4423;36;2025-03-15 13:18:03;2025-03-15 13:18:50;4647;358784;52.2642483333333;21.05191;http://maps.google.com/maps?q=52.2642483333333%2C21.05191;17;10;1;1;2;0;0;0;0;0;0;0;0;0;0;0;1;0;0;0;0;0;0;0;0;0;0;0;0;0;0;0;0;0;0;0;0;0;0;0;3;0;0;0;0;0;1;0;0;0;0;0;3;1;0;0;0;0;0;0;0;0;0;0
94;KML4423;36;2025-03-15 13:22:18;2025-03-15 13:23:12;4856;363431;52.29365;21.01352;http://maps.google.com/maps?q=52.29365%2C21.01352;24;13;7;0;0;0;0;0;0;0;0;0;0;1;0;0;0;0;0;0;0;0;0;1;0;0;0;0;0;0;0;0;0;0;0;3;0;2;0;0;0;0;0;5;0;0;0;0;0;1;3;0;0;0;0;0;0;0;4;0;0;0;0;0
95;KML4423;36;2025-03-15 13:26:02;2025-03-15 13:26:50;8221;368287;52.33401;20.98603;http://maps.google.com/maps?q=52.33401%2C20.98603;21;4;15;0;0;4;0;0;1;0;2;3;0;0;0;0;0;1;0;0;0;0;0;0;0;0;0;0;0;3;0;0;0;0;0;0;0;0;0;0;1;2;0;0;0;0;0;0;0;0;0;0;1;0;0;0;1;0;0;0;0;0;0;0
96;KML4423;36;2025-03-15 13:31:24;2025-03-15 13:32:18;2119;376508;52.4015;20.94163;http://maps.google.com/maps?q=52.4015%2C20.94163;18;6;45;0;0;7;0;1;2;0;0;4;0;0;0;0;0;4;0;0;0;0;0;0;0;0;4;0;2;7;0;0;0;0;0;0;0;0;0;0;0;5;0;0;0;0;0;5;0;0;0;0;2;0;0;1;7;0;0;0;0;0;0;0
97;KML4423;36;2025-03-15 13:34:18;2025-03-15 13:35:09;2073;378627;52.41108;20.91586;http://maps.google.com/maps?q=52.41108%2C20.91586;20;2;14;0;0;2;0;0;1;0;0;2;0;0;0;0;0;0;0;0;0;0;0;0;0;1;2;0;0;1;0;0;0;0;0;0;0;0;0;0;0;2;0;0;0;0;0;0;0;0;0;0;1;2;0;0;2;0;0;0;0;0;0;0
98;KML4423;36;2025-03-15 13:36:53;2025-03-15 13:37:52;11289;380700;52.41551;20.88634;http://maps.google.com/maps?q=52.41551%2C20.88634;32;3;11;0;0;0;0;2;4;0;0;1;0;0;0;0;0;0;0;0;0;0;0;0;0;1;1;0;0;1;0;0;0;0;0;0;0;0;0;0;0;0;0;0;0;0;0;1;0;0;0;0;0;3;0;0;0;0;0;0;0;0;0;0
99;KML4423;36;2025-03-15 13:43:26;2025-03-15 13:44:16;3645;391989;52.42536;20.72326;http://maps.google.com/maps?q=52.42536%2C20.72326;23;5;41;0;3;2;0;0;3;0;1;5;0;0;0;0;0;3;0;0;0;0;0;0;0;0;6;0;0;4;0;0;0;0;0;0;0;0;0;0;0;6;0;0;0;0;0;5;0;0;0;0;1;3;0;0;4;0;0;0;0;0;0;0
100;KML4423;36;2025-03-15 13:47:36;2025-03-15 14:14:37;3754;395634;52.4437083333333;20.70411;http://maps.google.com/maps?q=52.4437083333333%2C20.70411;1595;85;60;0;30;13;0;0;3;0;0;2;0;0;0;0;27;5;0;0;0;0;0;0;0;15;9;0;5;4;0;0;0;0;0;0;0;0;0;0;2;7;0;0;0;0;5;8;0;0;0;0;0;6;0;1;3;0;0;0;0;0;0;0
101;KML4423;36;2025-03-15 14:17:33;2025-03-15 14:18:52;11029;399388;52.42523;20.72475;http://maps.google.com/maps?q=52.42523%2C20.72475;51;52;5;0;0;0;0;0;0;0;0;0;0;9;0;0;0;0;0;2;0;0;4;1;0;0;0;0;0;0;0;2;0;0;6;0;0;7;4;0;0;0;0;2;0;0;0;0;0;12;0;0;0;0;0;0;0;0;2;0;0;6;0;0
102;KML4423;36;2025-03-15 14:23:59;2025-03-15 14:24:44;2067;410417;52.41578;20.88393;http://maps.google.com/maps?q=52.41578%2C20.88393;13;19;2;0;0;0;0;0;0;0;0;0;0;1;0;0;0;0;0;1;0;0;0;0;0;0;0;0;0;0;0;0;0;0;4;0;0;6;2;0;0;0;0;2;0;0;0;0;0;4;0;0;0;0;0;0;0;0;0;0;0;1;0;0
103;KML4423;36;2025-03-15 14:26:17;2025-03-15 14:27:12;2247;412484;52.41139;20.9133383333333;http://maps.google.com/maps?q=52.41139%2C20.9133383333333;19;14;4;0;0;0;0;0;0;0;0;0;0;0;0;0;0;0;0;2;0;0;1;0;0;0;0;0;0;0;0;1;0;0;1;0;0;7;3;0;0;0;0;1;1;0;0;0;0;0;0;0;0;0;0;0;0;0;0;0;0;1;0;0
104;KML4423;36;2025-03-15 14:28:53;2025-03-15 14:29:45;8283;414731;52.40167;20.94105;http://maps.google.com/maps?q=52.40167%2C20.94105;20;26;6;0;3;1;0;1;2;0;6;0;0;0;0;0;3;1;0;0;0;0;0;0;0;2;0;0;2;1;0;0;0;0;0;0;0;0;0;0;5;1;0;0;0;0;2;0;0;0;0;0;2;0;0;0;0;0;0;0;0;0;0;0
105;KML4423;36;2025-03-15 14:34:05;2025-03-15 14:34:59;4864;423014;52.33377;20.98599;http://maps.google.com/maps?q=52.33377%2C20.98599;19;6;5;0;0;1;0;0;0;0;0;0;0;1;0;0;0;0;0;0;0;0;2;0;0;0;0;0;0;0;0;0;0;0;0;1;0;0;0;0;0;0;0;1;3;0;0;0;0;2;0;0;0;0;0;0;0;0;0;0;0;0;0;0
106;KML4423;36;2025-03-15 14:38:05;2025-03-15 14:38:54;4667;427878;52.29371;21.01317;http://maps.google.com/maps?q=52.29371%2C21.01317;17;13;2;0;3;0;0;1;1;0;0;0;0;0;0;0;0;0;0;0;0;0;0;0;0;1;0;0;6;1;0;0;0;0;0;0;0;0;0;0;1;0;0;0;0;0;1;0;0;0;0;0;0;0;0;0;0;0;0;0;0;0;0;0
107;KML4423;36;2025-03-15 14:42:21;2025-03-15 14:43:18;2367;432545;52.26404;21.05249;http://maps.google.com/maps?q=52.26404%2C21.05249;26;5;10;0;0;0;0;0;0;0;0;0;0;1;1;0;0;0;0;0;1;0;1;2;0;0;0;0;0;0;0;0;1;0;0;1;0;1;2;0;0;0;0;0;0;0;0;0;0;1;0;0;0;0;0;0;0;0;1;0;0;0;2;0
108;KML4423;36;2025-03-15 14:46:42;2025-03-15 14:49:45;4594;434912;52.25157;21.05152;http://maps.google.com/maps?q=52.25157%2C21.05152;150;16;41;1;0;0;0;0;0;0;0;0;0;0;4;0;0;0;0;0;1;0;1;1;0;0;0;0;0;0;0;0;9;0;0;4;0;0;5;0;0;0;0;0;3;0;0;0;0;4;5;0;0;0;0;0;0;0;9;7;0;2;2;0
109;KML4423;36;2025-03-15 14:54:58;2025-03-15 14:56:36;2673;439506;0;0;n/a;66;21;92;1;0;0;0;0;0;0;0;0;0;0;11;0;0;0;0;0;3;0;0;9;0;0;0;0;0;0;0;0;7;0;1;8;0;1;17;0;0;0;0;1;13;0;0;0;0;12;12;0;0;0;0;0;0;0;2;10;0;4;2;0
110;KML4423;36;2025-03-15 14:59:30;2025-03-15 15:03:29;2966;442179;52.22079;20.96545;http://maps.google.com/maps?q=52.22079%2C20.96545;202;8;27;1;0;0;0;0;0;0;0;0;0;0;2;0;0;0;0;0;11;0;0;8;0;0;0;0;0;0;0;0;2;0;2;0;0;1;1;0;0;0;0;0;1;0;0;0;0;0;0;0;0;0;0;0;0;0;2;0;0;3;2;0
111;KML4423;36;2025-03-15 15:07:03;2025-03-15 15:07:44;2039;445145;52.20563;20.94125;http://maps.google.com/maps?q=52.20563%2C20.94125;11;3;1;0;0;0;0;0;0;0;0;0;0;2;1;0;0;0;0;0;0;0;0;0;0;0;0;0;0;0;0;0;0;0;0;0;0;1;0;0;0;0;0;0;0;0;0;0;0;0;0;0;0;0;0;0;0;0;0;0;0;0;0;0
112;KML4423;36;2025-03-15 15:09:36;2025-03-15 15:10:39;1103;447184;52.19679;20.96613;http://maps.google.com/maps?q=52.19679%2C20.96613;14;1;6;0;0;0;0;0;0;0;0;0;0;0;0;0;0;0;0;0;0;0;0;1;0;0;0;0;0;0;0;0;0;0;0;0;0;0;0;0;0;0;0;0;1;0;0;0;0;1;2;0;0;0;0;0;0;0;0;2;0;0;0;0
113;KML4423;36;2025-03-15 15:11:58;2025-03-15 15:12:45;1554;448287;52.1932;20.98117;http://maps.google.com/maps?q=52.1932%2C20.98117;17;3;4;0;0;0;0;0;0;0;0;0;0;0;0;0;0;0;0;0;0;0;0;0;0;0;0;0;0;0;0;0;0;0;0;0;0;0;0;0;0;0;0;0;2;0;0;0;0;2;2;0;0;0;0;0;0;0;0;0;0;1;0;0
114;KML4423;36;2025-03-15 15:14:16;2025-03-15 15:15:35;2063;449841;52.18085;20.98692;http://maps.google.com/maps?q=52.18085%2C20.98692;47;2;7;0;1;0;0;0;2;0;0;0;0;0;0;0;0;0;0;0;0;0;0;0;0;0;0;0;0;0;0;0;0;0;0;0;0;0;0;0;0;1;0;0;0;0;0;1;0;0;0;0;1;3;0;0;0;0;0;0;0;0;0;0
115;KML4423;36;2025-03-15 15:18:28;2025-03-15 15:40:43;2097;451904;0;0;n/a;1298;66;45;1;0;0;0;0;0;0;0;0;0;3;3;0;0;0;0;4;0;0;1;3;0;0;0;0;0;0;0;2;0;0;7;3;0;26;8;0;0;0;0;20;3;0;0;0;0;3;12;0;0;0;0;0;0;0;0;3;0;0;10;0
116;KML4423;36;2025-03-15 15:43:35;2025-03-15 15:44:19;1557;454001;52.18097;20.98715;http://maps.google.com/maps?q=52.18097%2C20.98715;12;4;4;1;0;0;0;0;0;0;0;0;0;1;1;0;0;0;0;0;0;0;0;1;0;0;0;0;0;0;0;0;0;0;0;1;0;0;0;0;0;0;0;2;0;0;0;0;0;0;1;0;0;0;0;0;0;0;1;0;0;0;0;0
117;KML4423;36;2025-03-15 15:45:50;2025-03-15 15:46:56;1099;455558;52.19325;20.98106;http://maps.google.com/maps?q=52.19325%2C20.98106;34;7;1;0;0;0;0;0;0;0;3;1;0;0;0;0;0;0;0;0;0;0;0;0;0;1;0;0;0;0;0;0;0;0;0;0;0;0;0;0;0;0;0;0;0;0;1;0;0;0;0;0;1;0;0;1;0;0;0;0;0;0;0;0
118;KML4423;36;2025-03-15 15:48:06;2025-03-15 15:49:35;2028;456657;52.19683;20.9660783333333;http://maps.google.com/maps?q=52.19683%2C20.9660783333333;55;4;3;0;0;0;0;1;0;0;1;1;0;0;0;0;0;0;0;0;0;0;0;0;0;1;1;0;0;0;0;0;0;0;0;0;0;0;0;0;0;0;0;0;0;0;0;0;0;0;0;0;0;0;0;1;1;0;0;0;0;0;0;0
119;KML4423;36;2025-03-15 15:51:33;2025-03-15 15:52:32;2874;458685;52.20564;20.94154;http://maps.google.com/maps?q=52.20564%2C20.94154;30;9;2;0;0;0;0;0;0;0;0;0;0;0;0;0;0;0;0;2;0;0;1;1;0;0;0;0;0;0;0;3;0;0;2;0;0;0;0;0;0;0;0;0;1;0;0;0;0;0;0;0;0;0;0;0;0;0;1;0;0;0;0;0
120;KML4423;36;2025-03-15 15:55:41;2025-03-15 16:00:37;2741;461559;52.2200583333333;20.9652383333333;http://maps.google.com/maps?q=52.2200583333333%2C20.9652383333333;264;17;12;0;0;0;0;0;0;0;0;0;0;2;0;0;0;0;0;4;2;0;4;1;0;0;0;0;0;0;0;3;0;0;1;0;0;0;3;0;0;0;0;0;5;0;0;0;0;2;1;0;0;0;0;0;0;0;1;0;0;0;0;0
121;KML4423;36;2025-03-15 16:04:09;2025-03-15 16:05:39;4541;464300;0;0;n/a;58;77;23;1;11;4;0;0;6;0;6;9;0;0;0;0;13;1;0;0;0;0;0;0;0;12;1;0;10;0;0;0;0;0;0;0;0;0;0;0;5;0;0;0;0;0;10;1;0;0;0;0;4;1;0;6;0;0;0;0;0;0;0;0
122;KML4423;36;2025-03-15 16:10:43;2025-03-15 16:14:47;2422;468841;52.25135;21.05218;http://maps.google.com/maps?q=52.25135%2C21.05218;214;30;37;1;0;0;0;0;0;0;0;0;0;1;2;0;0;0;0;1;3;0;4;2;0;0;0;0;0;0;0;5;11;0;1;1;0;7;8;0;0;0;0;5;6;0;0;0;0;4;1;0;0;0;0;0;0;0;1;2;0;1;1;0
123;KML4423;36;2025-03-15 16:17:42;2025-03-15 16:18:19;4627;471263;52.26428;21.0517483333333;http://maps.google.com/maps?q=52.26428%2C21.0517483333333;11;6;1;1;1;0;0;0;0;0;0;0;0;0;0;0;0;0;0;0;0;0;0;0;0;0;0;0;0;0;0;0;0;0;0;0;0;0;0;0;0;0;0;0;0;0;1;0;0;0;0;0;4;1;0;0;0;0;0;0;0;0;0;0
124;KML4423;36;2025-03-15 16:21:36;2025-03-15 16:22:31;4866;475890;52.2934583333333;21.0136;http://maps.google.com/maps?q=52.2934583333333%2C21.0136;26;11;9;0;0;0;0;0;0;0;0;0;0;1;0;0;0;0;0;0;4;0;0;2;0;0;0;0;0;0;0;0;0;0;2;0;0;2;0;0;0;0;0;2;2;0;0;0;0;4;1;0;0;0;0;0;0;0;0;0;0;0;0;0
125;KML4423;36;2025-03-15 16:25:24;2025-03-15 16:26:17;8208;480756;52.33397;20.98602;http://maps.google.com/maps?q=52.33397%2C20.98602;21;4;12;0;0;0;0;0;0;0;0;0;0;0;0;0;1;0;0;0;0;0;0;0;0;0;7;0;1;2;0;0;0;0;0;0;0;0;0;0;0;1;0;0;0;0;0;1;0;0;0;0;1;1;0;1;0;0;0;0;0;0;0;0
126;KML4423;36;2025-03-15 16:31:00;2025-03-15 16:31:47;2131;488964;52.40141;20.94171;http://maps.google.com/maps?q=52.40141%2C20.94171;21;10;49;0;1;8;0;3;2;0;2;4;0;0;0;0;0;3;0;0;0;0;0;0;0;0;3;0;0;11;0;0;0;0;0;0;0;0;0;0;0;4;0;0;0;0;0;8;0;0;0;0;2;2;0;2;4;0;0;0;0;0;0;0
127;KML4423;36;2025-03-15 16:33:48;2025-03-15 16:34:39;2079;491095;52.41107;20.91583;http://maps.google.com/maps?q=52.41107%2C20.91583;26;1;24;0;1;4;0;0;2;0;0;2;0;0;0;0;0;0;0;0;0;0;0;0;0;0;0;0;0;0;0;0;0;0;0;0;0;0;0;0;0;2;0;0;0;0;0;4;0;0;0;0;0;5;0;0;5;0;0;0;0;0;0;0
128;KML4423;36;2025-03-15 16:36:18;2025-03-15 16:37:02;11285;493174;52.41552;20.88626;http://maps.google.com/maps?q=52.41552%2C20.88626;15;1;10;0;1;1;0;0;0;0;0;2;0;0;0;0;0;1;0;0;0;0;0;0;0;0;0;0;0;0;0;0;0;0;0;0;0;0;0;0;0;1;0;0;0;0;0;0;0;0;0;0;0;4;0;0;1;0;0;0;0;0;0;0
129;KML4423;36;2025-03-15 16:42:27;2025-03-15 16:43:31;3649;504459;52.42536;20.72328;http://maps.google.com/maps?q=52.42536%2C20.72328;39;1;42;0;0;1;0;0;3;0;0;7;0;0;0;0;0;7;0;0;0;0;0;0;0;0;1;0;0;3;0;0;0;0;0;0;0;0;0;0;0;8;0;0;0;0;0;5;0;0;0;0;0;4;0;1;3;0;0;0;0;0;0;0
130;KML4423;36;2025-03-15 16:46:45;2025-03-15 17:14:36;3746;508108;52.44369;20.70412;http://maps.google.com/maps?q=52.44369%2C20.70412;1641;22;18;0;6;5;0;1;2;0;1;1;0;0;0;0;1;2;0;0;0;0;0;0;0;2;3;0;1;1;0;0;0;0;0;0;0;0;0;0;3;0;0;0;0;0;4;4;0;0;0;0;1;0;0;2;0;0;0;0;0;0;0;0
131;KML4423;36;2025-03-15 17:17:32;2025-03-15 17:18:21;11037;511854;52.42523;20.72457;http://maps.google.com/maps?q=52.42523%2C20.72457;18;34;2;0;0;0;0;0;0;0;0;0;0;2;0;0;0;0;0;0;0;0;6;0;0;0;0;0;0;0;0;3;0;0;6;0;0;3;1;0;0;0;0;2;1;0;0;0;0;2;0;0;0;0;0;0;0;0;4;0;0;6;0;0
132;KML4423;36;2025-03-15 17:23:30;2025-03-15 17:24:16;2075;522891;52.41577;20.8839;http://maps.google.com/maps?q=52.41577%2C20.8839;14;12;2;0;0;0;0;0;0;0;0;0;0;1;0;0;0;0;0;0;0;0;1;1;0;0;0;0;0;0;0;0;0;0;2;0;0;2;1;0;0;0;0;3;0;0;0;0;0;0;0;0;0;0;0;0;0;0;0;0;0;3;0;0
133;KML4423;36;2025-03-15 17:26:02;2025-03-15 17:26:50;2245;524966;52.41135;20.9134283333333;http://maps.google.com/maps?q=52.41135%2C20.9134283333333;9;25;0;0;0;0;0;0;0;0;0;0;0;2;0;0;0;0;0;5;0;0;6;0;0;0;0;0;0;0;0;4;0;0;2;0;0;2;0;0;0;0;0;1;0;0;0;0;0;1;0;0;0;0;0;0;0;0;1;0;0;1;0;0
134;KML4423;36;2025-03-15 17:28:38;2025-03-15 17:29:41;8258;527211;52.40164;20.94106;http://maps.google.com/maps?q=52.40164%2C20.94106;30;60;8;0;10;2;0;6;1;0;3;5;0;0;0;0;8;0;0;0;0;0;0;0;0;7;0;0;5;0;0;0;0;0;0;0;0;0;0;0;6;0;0;0;0;0;11;0;0;0;0;0;2;0;0;2;0;0;0;0;0;0;0;0
135;KML4423;36;2025-03-15 17:33:59;2025-03-15 17:34:50;4879;535469;52.33397;20.98587;http://maps.google.com/maps?q=52.33397%2C20.98587;22;15;4;0;0;0;0;0;0;0;0;0;0;1;0;0;0;0;0;0;0;0;3;2;0;0;0;0;0;0;0;3;0;0;1;2;0;5;0;0;0;0;0;1;0;0;0;0;0;0;0;0;0;0;0;0;0;0;1;0;0;0;0;0
136;KML4423;36;2025-03-15 17:37:47;2025-03-15 17:38:37;4675;540348;52.29377;21.01322;http://maps.google.com/maps?q=52.29377%2C21.01322;20;8;5;0;1;1;0;1;1;0;0;0;0;0;0;0;0;0;0;0;0;0;0;0;0;1;1;0;2;1;0;0;0;0;0;0;0;0;0;0;0;0;0;0;0;0;0;1;0;0;0;0;1;0;0;2;0;0;0;0;0;0;0;0
137;KML4423;36;2025-03-15 17:42:04;2025-03-15 17:42:51;2371;545023;52.26401;21.05255;http://maps.google.com/maps?q=52.26401%2C21.05255;13;3;8;0;0;0;0;0;0;0;0;0;0;0;0;0;0;0;0;0;1;0;2;1;0;0;0;0;0;0;0;0;0;0;0;0;0;0;2;0;0;0;0;0;1;0;0;0;0;0;2;0;0;0;0;0;0;0;0;0;0;1;1;0
138;KML4423;36;2025-03-15 17:45:58;2025-03-15 17:49:38;4602;547394;52.25155;21.05153;http://maps.google.com/maps?q=52.25155%2C21.05153;185;27;43;1;0;0;0;0;0;0;0;0;0;3;1;0;0;0;0;7;5;0;2;10;0;0;0;0;0;0;0;2;7;0;2;5;0;5;5;0;0;0;0;1;2;0;0;0;0;2;2;0;0;0;0;0;0;0;2;3;0;1;3;0
139;KML4423;36;2025-03-15 17:55:05;2025-03-15 17:56:34;2666;551996;0;0;n/a;57;12;83;1;0;0;0;0;0;0;0;0;0;0;12;0;0;0;0;0;6;0;0;9;0;0;0;0;0;0;0;0;13;0;0;10;0;1;9;0;0;0;0;0;8;0;0;0;0;7;7;0;0;0;0;0;0;0;3;6;0;1;3;0
140;KML4423;36;2025-03-15 17:59:29;2025-03-15 18:02:29;2973;554662;52.22072;20.96537;http://maps.google.com/maps?q=52.22072%2C20.96537;147;8;15;1;0;0;0;0;0;0;0;0;0;0;0;0;0;0;0;0;1;0;0;2;0;0;0;0;0;0;0;0;0;0;0;1;0;1;7;0;0;0;0;0;1;0;0;0;0;0;0;0;0;0;0;0;0;0;0;2;0;7;1;0
141;KML4423;36;2025-03-15 18:06:18;2025-03-15 18:07:00;2024;557635;52.20561;20.9412983333333;http://maps.google.com/maps?q=52.20561%2C20.9412983333333;13;8;4;0;0;0;0;0;0;0;0;0;0;0;0;0;0;0;0;4;0;0;0;2;0;0;0;0;0;0;0;0;0;0;1;1;0;2;0;0;0;0;0;0;1;0;0;0;0;0;0;0;0;0;0;0;0;0;1;0;0;0;0;0
142;KML4423;36;2025-03-15 18:08:49;2025-03-15 18:09:36;1118;559659;52.19682;20.96595;http://maps.google.com/maps?q=52.19682%2C20.96595;15;3;14;0;0;0;0;0;0;0;0;0;0;0;0;0;0;0;0;0;4;0;0;0;0;0;0;0;0;0;0;0;0;0;0;1;0;0;1;0;0;0;0;0;0;0;0;0;0;3;3;0;0;0;0;0;0;0;0;4;0;0;1;0
143;KML4423;36;2025-03-15 18:11:25;2025-03-15 18:12:36;1566;560777;52.1932;20.98117;http://maps.google.com/maps?q=52.1932%2C20.98117;38;2;6;0;0;0;0;0;0;0;0;0;0;0;0;0;0;0;0;0;0;0;0;3;0;0;0;0;0;0;0;0;0;0;0;0;0;0;0;0;0;0;0;0;2;0;0;0;0;2;1;0;0;0;0;0;0;0;0;0;0;0;0;0
144;KML4423;36;2025-03-15 18:14:29;2025-03-15 18:15:33;2052;562343;52.18078;20.98694;http://maps.google.com/maps?q=52.18078%2C20.98694;34;1;8;0;0;0;0;0;1;0;0;0;0;0;0;0;0;1;0;0;0;0;0;0;0;0;2;0;0;3;0;0;0;0;0;0;0;0;0;0;0;0;0;0;0;0;0;0;0;0;0;0;1;0;0;0;1;0;0;0;0;0;0;0
145;KML4423;36;2025-03-15 18:18:30;2025-03-15 18:40:43;2083;564395;0;0;n/a;1259;36;37;1;0;0;0;0;0;0;0;0;0;2;1;0;0;0;0;3;0;0;5;3;0;0;0;0;0;0;0;1;1;0;0;0;0;22;8;0;0;0;0;3;7;0;0;0;0;0;7;0;0;0;0;0;0;0;0;2;0;0;8;0
146;KML4423;36;2025-03-15 18:43:29;2025-03-15 18:44:19;1550;566478;52.18091;20.98714;http://maps.google.com/maps?q=52.18091%2C20.98714;17;9;5;1;0;0;0;0;0;0;0;0;0;0;0;0;0;0;0;2;0;0;1;2;0;0;0;0;0;0;0;0;0;0;0;0;0;3;1;0;0;0;0;2;2;0;0;0;0;1;0;0;0;0;0;0;0;0;0;0;0;0;0;0
147;KML4423;36;2025-03-15 18:45:51;2025-03-15 18:46:41;1106;568028;52.19323;20.98123;http://maps.google.com/maps?q=52.19323%2C20.98123;20;7;1;0;1;1;0;1;0;0;1;0;0;0;0;0;0;0;0;0;0;0;0;0;0;0;0;0;0;0;0;0;0;0;0;0;0;0;0;0;2;0;0;0;0;0;0;0;0;0;0;0;1;0;0;1;0;0;0;0;0;0;0;0
148;KML4423;36;2025-03-15 18:47:49;2025-03-15 18:49:29;2026;569134;52.19684;20.96617;http://maps.google.com/maps?q=52.19684%2C20.96617;68;12;10;0;0;5;0;1;0;0;0;0;0;0;0;0;5;0;0;0;0;0;0;0;0;2;0;0;0;0;0;0;0;0;0;0;0;0;0;0;2;0;0;0;0;0;0;2;0;0;0;0;2;3;0;0;0;0;0;0;0;0;0;0
149;KML4423;36;2025-03-15 18:51:23;2025-03-15 18:52:31;2873;571160;52.20562;20.94162;http://maps.google.com/maps?q=52.20562%2C20.94162;37;11;11;0;0;0;0;0;0;0;0;0;0;1;0;0;0;0;0;1;2;0;0;3;0;0;0;0;0;0;0;0;0;0;2;0;0;0;5;0;0;0;0;0;0;0;0;0;0;3;1;0;0;0;0;0;0;0;3;0;0;1;0;0
150;KML4423;36;2025-03-15 18:55:41;2025-03-15 19:00:33;2736;574033;52.22035;20.9655;http://maps.google.com/maps?q=52.22035%2C20.9655;259;28;6;0;1;1;0;1;0;0;8;0;0;0;0;0;1;0;0;0;0;0;0;0;0;2;1;0;0;0;0;0;0;0;0;0;0;0;0;0;8;2;0;0;0;0;0;0;0;0;0;0;7;2;0;0;0;0;0;0;0;0;0;0
151;KML4423;36;2025-03-15 19:04:10;2025-03-15 19:05:44;4562;576769;0;0;n/a;59;122;17;1;9;3;0;8;1;0;10;0;0;0;0;0;19;0;0;0;0;0;0;0;0;17;3;0;18;3;0;0;0;0;0;0;0;0;0;0;7;0;0;0;0;0;12;3;0;0;0;0;14;2;0;8;2;0;0;0;0;0;0;0
152;KML4423;36;2025-03-15 19:11:16;2025-03-15 19:14:38;2416;581331;52.2513983333333;21.05236;http://maps.google.com/maps?q=52.2513983333333%2C21.05236;170;36;20;1;0;0;0;0;0;0;0;0;0;1;2;0;0;0;0;1;1;0;8;3;0;0;0;0;0;0;0;3;2;0;1;0;0;6;3;0;0;0;0;5;3;0;0;0;0;6;2;0;0;0;0;0;0;0;4;4;0;1;0;0
153;KML4423;36;2025-03-15 19:17:45;2025-03-15 19:18:28;4628;583747;52.26434;21.05161;http://maps.google.com/maps?q=52.26434%2C21.05161;11;8;5;1;0;0;0;1;0;0;0;1;0;0;0;0;0;0;0;0;0;0;0;0;0;0;0;0;0;1;0;0;0;0;0;0;0;0;0;0;2;0;0;0;0;0;1;2;0;0;0;0;3;1;0;1;0;0;0;0;0;0;0;0
154;KML4423;36;2025-03-15 19:21:58;2025-03-15 19:22:46;4860;588375;52.29375;21.01346;http://maps.google.com/maps?q=52.29375%2C21.01346;14;21;2;0;0;0;0;0;0;0;0;0;0;1;1;0;0;0;0;5;0;0;0;0;0;0;0;0;0;0;0;2;0;0;1;0;0;6;0;0;0;0;0;4;0;0;0;0;0;1;1;0;0;0;0;0;0;0;1;0;0;0;0;0
155;KML4423;36;2025-03-15 19:25:49;2025-03-15 19:26:39;8203;593235;52.33406;20.986;http://maps.google.com/maps?q=52.33406%2C20.986;16;4;8;0;1;1;0;0;1;0;0;0;0;0;0;0;0;4;0;0;0;0;0;0;0;0;0;0;0;0;0;0;0;0;0;0;0;0;0;0;1;2;0;0;0;0;1;0;0;0;0;0;0;0;0;1;0;0;0;0;0;0;0;0
156;KML4423;36;2025-03-15 19:30:53;2025-03-15 19:31:50;2143;601438;52.40139;20.94177;http://maps.google.com/maps?q=52.40139%2C20.94177;24;16;67;0;0;11;0;0;3;0;3;4;0;0;0;0;1;4;0;0;0;0;0;0;0;2;8;0;2;11;0;0;0;0;0;0;0;0;1;0;3;4;0;0;0;0;0;11;0;0;0;0;1;5;0;4;5;0;0;0;0;0;0;0
157;KML4423;36;2025-03-15 19:33:50;2025-03-15 19:34:44;2078;603581;52.4111;20.9157783333333;http://maps.google.com/maps?q=52.4111%2C20.9157783333333;25;3;39;0;1;1;0;0;6;0;0;0;0;0;0;0;1;1;0;0;0;0;0;0;0;0;4;0;0;0;0;0;0;0;0;0;0;0;0;0;0;3;0;0;0;0;0;1;0;0;0;0;0;17;0;1;6;0;0;0;0;0;0;0
158;KML4423;36;2025-03-15 19:36:25;2025-03-15 19:37:12;11265;605659;52.41554;20.8862;http://maps.google.com/maps?q=52.41554%2C20.8862;7;2;16;0;0;3;0;0;1;0;0;1;0;0;0;0;0;2;0;0;0;0;0;0;0;0;1;0;1;2;0;0;0;0;0;0;0;0;0;0;1;0;0;0;0;0;0;1;0;0;0;0;0;3;0;0;2;0;0;0;0;0;0;0
159;KML4423;36;2025-03-15 19:42:41;2025-03-15 19:43:39;3665;616924;52.42536;20.72356;http://maps.google.com/maps?q=52.42536%2C20.72356;30;7;68;0;2;7;0;2;5;0;2;6;0;0;0;0;0;11;0;0;0;0;0;0;0;0;3;0;0;7;0;0;0;0;0;0;0;0;0;0;0;13;0;0;0;0;0;3;0;0;0;0;1;5;0;0;8;0;0;0;0;0;0;0
160;KML4423;36;2025-03-15 19:46:43;2025-03-15 20:14:35;3757;620589;52.4437;20.7041;http://maps.google.com/maps?q=52.4437%2C20.7041;1642;40;58;0;12;13;0;3;3;0;2;12;0;0;0;0;2;1;0;0;0;0;0;0;0;3;9;0;0;7;0;0;0;0;0;0;0;0;0;0;0;5;0;0;0;0;18;6;0;0;0;0;0;2;0;0;0;0;0;0;0;0;0;0
161;KML4423;36;2025-03-15 20:17:42;2025-03-15 20:18:20;11033;624346;52.42523;20.72474;http://maps.google.com/maps?q=52.42523%2C20.72474;10;12;3;0;0;0;0;0;0;0;0;0;0;1;0;0;0;0;0;2;0;0;2;1;0;0;0;0;0;0;0;1;0;0;1;0;0;3;1;0;0;0;0;0;0;0;0;0;0;0;0;0;0;0;0;0;0;0;2;1;0;0;0;0
162;KML4423;36;2025-03-15 20:23:36;2025-03-15 20:24:30;2069;635379;52.41576;20.88403;http://maps.google.com/maps?q=52.41576%2C20.88403;25;6;1;0;0;0;0;0;0;0;0;0;0;0;0;0;0;0;0;1;0;0;0;0;0;0;0;0;0;0;0;1;0;0;1;0;0;1;0;0;0;0;0;1;0;0;0;0;0;0;0;0;0;0;0;0;0;0;1;1;0;0;0;0
163;KML4423;36;2025-03-15 20:26:08;2025-03-15 20:26:55;2243;637448;52.4113583333333;20.91349;http://maps.google.com/maps?q=52.4113583333333%2C20.91349;20;4;1;0;0;0;0;0;0;0;0;0;0;0;0;0;0;0;0;0;0;0;1;0;0;0;0;0;0;0;0;0;0;0;0;0;0;2;1;0;0;0;0;1;0;0;0;0;0;0;0;0;0;0;0;0;0;0;0;0;0;0;0;0
164;KML4423;36;2025-03-15 20:28:34;2025-03-15 20:29:38;8250;639691;52.40164;20.94109;http://maps.google.com/maps?q=52.40164%2C20.94109;36;22;5;0;6;3;0;0;0;0;4;0;0;0;0;0;0;0;0;0;0;0;0;0;0;3;1;0;1;0;0;0;0;0;0;0;0;0;0;0;0;0;0;0;0;0;5;1;0;0;0;0;3;0;0;0;0;0;0;0;0;0;0;0
165;KML4423;36;2025-03-15 20:33:59;2025-03-15 20:34:39;4904;647941;52.33407;20.98584;http://maps.google.com/maps?q=52.33407%2C20.98584;12;2;1;0;0;0;0;0;0;0;0;0;0;0;0;0;0;0;0;0;0;0;0;0;0;0;0;0;0;0;0;0;0;0;0;0;0;1;1;0;0;0;0;1;0;0;0;0;0;0;0;0;0;0;0;0;0;0;0;0;0;0;0;0
166;KML4423;36;2025-03-15 20:37:56;2025-03-15 20:38:44;4655;652845;52.29367;21.0131883333333;http://maps.google.com/maps?q=52.29367%2C21.0131883333333;17;5;5;0;3;1;0;0;0;0;0;0;0;0;0;0;0;0;0;0;0;0;0;0;0;0;1;0;1;2;0;0;0;0;0;0;0;0;0;0;0;0;0;0;0;0;0;0;0;0;0;0;0;0;0;1;1;0;0;0;0;0;0;0
167;KML4423;36;2025-03-15 20:42:18;2025-03-15 20:43:03;2365;657500;52.26407;21.05242;http://maps.google.com/maps?q=52.26407%2C21.05242;14;1;11;0;0;0;0;0;0;0;0;0;0;0;1;0;0;0;0;0;0;0;0;1;0;0;0;0;0;0;0;0;4;0;0;0;0;1;2;0;0;0;0;0;0;0;0;0;0;0;2;0;0;0;0;0;0;0;0;0;0;0;1;0
168;KML4423;36;2025-03-15 20:46:08;2025-03-15 20:49:34;4653;659865;52.25162;21.05173;http://maps.google.com/maps?q=52.25162%2C21.05173;173;9;27;1;0;0;0;0;0;0;0;0;0;1;2;0;0;0;0;4;0;0;1;2;0;0;0;0;0;0;0;0;2;0;0;0;0;2;4;0;0;0;0;0;16;0;0;0;0;0;1;0;0;0;0;0;0;0;1;0;0;0;0;0
169;KML4423;36;2025-03-15 20:55:00;2025-03-15 20:56:32;2656;664518;0;0;n/a;61;13;22;1;2;2;0;0;2;0;3;1;0;0;0;0;0;3;0;0;0;0;0;0;0;0;2;0;0;2;0;0;0;0;0;0;0;0;0;0;1;6;0;0;0;0;0;1;0;0;0;0;4;0;0;3;3;0;0;0;0;0;0;0
170;KML4423;36;2025-03-15 20:59:38;2025-03-15 21:02:50;2964;667174;52.22075;20.96544;http://maps.google.com/maps?q=52.22075%2C20.96544;160;3;8;1;0;0;0;0;0;0;0;0;0;0;1;0;0;0;0;0;0;0;2;1;0;0;0;0;0;0;0;0;1;0;0;2;0;1;1;0;0;0;0;0;0;0;0;0;0;0;1;0;0;0;0;0;0;0;0;0;0;0;1;0
171;KML4423;36;2025-03-15 21:07:38;2025-03-15 21:08:23;2038;670138;52.20555;20.94136;http://maps.google.com/maps?q=52.20555%2C20.94136;19;2;6;0;0;0;0;0;0;0;0;0;0;0;0;0;0;0;0;0;0;0;0;1;0;0;0;0;0;0;0;0;0;0;0;1;0;1;3;0;0;0;0;1;1;0;0;0;0;0;0;0;0;0;0;0;0;0;0;0;0;0;0;0
172;KML4423;36;2025-03-15 21:10:10;2025-03-15 21:10:51;1102;672176;52.19677;20.96622;http://maps.google.com/maps?q=52.19677%2C20.96622;12;3;8;0;0;0;0;0;0;0;0;0;0;1;1;0;0;0;0;0;1;0;0;0;0;0;0;0;0;0;0;0;3;0;0;0;0;2;1;0;0;0;0;0;0;0;0;0;0;0;1;0;0;0;0;0;0;0;0;1;0;0;0;0
173;KML4423;36;2025-03-15 21:11:58;2025-03-15 21:12:37;1583;673278;52.19318;20.98123;http://maps.google.com/maps?q=52.19318%2C20.98123;12;2;1;0;0;0;0;0;0;0;0;0;0;0;0;0;0;0;0;0;0;0;0;0;0;0;0;0;0;0;0;0;0;0;0;0;0;2;1;0;0;0;0;0;0;0;0;0;0;0;0;0;0;0;0;0;0;0;0;0;0;0;0;0
174;KML4423;36;2025-03-15 21:14:14;2025-03-15 21:15:31;2030;674861;52.18056;20.98692;http://maps.google.com/maps?q=52.18056%2C20.98692;48;2;8;0;2;2;0;0;0;0;0;1;0;0;0;0;0;0;0;0;0;0;0;0;0;0;2;0;0;0;0;0;0;0;0;0;0;0;0;0;0;0;0;0;0;0;0;0;0;0;0;0;0;2;0;0;1;0;0;0;0;0;0;0
175;KML4423;36;2025-03-15 21:18:15;2025-03-15 21:40:31;2090;676891;0;0;n/a;1303;14;8;1;0;0;0;0;0;0;0;0;0;0;0;0;0;0;0;0;0;0;0;0;0;0;0;0;0;0;0;0;1;0;0;0;0;6;1;0;0;0;0;3;2;0;0;0;0;3;2;0;0;0;0;0;0;0;2;1;0;0;1;0
176;KML4423;36;2025-03-15 21:43:09;2025-03-15 21:44:26;1558;678981;52.18097;20.98715;http://maps.google.com/maps?q=52.18097%2C20.98715;41;4;2;1;0;0;0;0;0;0;0;0;0;1;0;0;0;0;0;0;0;0;0;0;0;0;0;0;0;0;0;0;0;0;0;0;0;2;2;0;0;0;0;1;0;0;0;0;0;0;0;0;0;0;0;0;0;0;0;0;0;0;0;0
177;KML4423;36;2025-03-15 21:46:08;2025-03-15 21:46:51;1101;680539;52.19327;20.9809883333333;http://maps.google.com/maps?q=52.19327%2C20.9809883333333;11;4;1;0;0;0;0;0;0;0;1;0;0;0;0;0;0;0;0;0;0;0;0;0;0;0;0;0;0;0;0;0;0;0;0;0;0;0;0;0;0;0;0;0;0;0;0;0;0;0;0;0;2;1;0;1;0;0;0;0;0;0;0;0
178;KML4423;36;2025-03-15 21:48:13;2025-03-15 21:49:31;2017;681640;52.19685;20.96602;http://maps.google.com/maps?q=52.19685%2C20.96602;50;2;6;0;1;1;0;0;0;0;0;0;0;0;0;0;0;0;0;0;0;0;0;0;0;0;0;0;0;0;0;0;0;0;0;0;0;0;0;0;0;0;0;0;0;0;0;1;0;0;0;0;1;1;0;0;3;0;0;0;0;0;0;0
179;KML4423;36;2025-03-15 21:51:43;2025-03-15 21:52:35;2864;683657;52.2055983333333;20.94161;http://maps.google.com/maps?q=52.2055983333333%2C20.94161;22;2;4;0;0;0;0;0;0;0;0;0;0;0;0;0;0;0;0;0;0;0;0;1;0;0;0;0;0;0;0;0;0;0;0;0;0;0;2;0;0;0;0;0;0;0;0;0;0;1;1;0;0;0;0;0;0;0;0;0;0;1;0;0
180;KML4423;36;2025-03-15 21:56:06;2025-03-15 22:00:33;2739;686521;52.22022;20.96511;http://maps.google.com/maps?q=52.22022%2C20.96511;237;6;3;0;0;0;0;1;0;0;0;0;0;0;0;0;0;0;0;0;0;0;0;0;0;0;0;0;0;0;0;0;0;0;0;0;0;0;0;0;2;0;0;0;0;0;1;0;0;0;0;0;2;3;0;0;0;0;0;0;0;0;0;0
181;KML4423;36;2025-03-15 22:04:23;2025-03-15 22:05:34;4540;689260;0;0;n/a;39;76;7;1;0;0;0;0;0;0;0;0;0;8;0;0;0;0;0;9;3;0;9;0;0;0;0;0;0;0;0;10;2;0;9;0;0;4;0;0;0;0;0;5;0;0;0;0;0;4;2;0;0;0;0;0;0;0;9;0;0;9;0;0
182;KML4423;36;2025-03-15 22:10:49;2025-03-15 22:14:50;2437;693800;52.2513;21.0520383333333;http://maps.google.com/maps?q=52.2513%2C21.0520383333333;211;22;11;1;0;0;0;0;0;0;0;0;0;4;0;0;0;0;0;0;3;0;6;1;0;0;0;0;0;0;0;1;3;0;4;0;0;0;0;0;0;0;0;1;2;0;0;0;0;4;1;0;0;0;0;0;0;0;0;1;0;2;0;0
183;KML4423;36;2025-03-15 22:17:40;2025-03-15 22:18:39;4616;696237;52.2643083333333;21.05166;http://maps.google.com/maps?q=52.2643083333333%2C21.05166;33;3;2;1;0;0;0;0;0;0;1;0;0;0;0;0;0;0;0;0;0;0;0;0;0;0;0;0;0;0;0;0;0;0;0;0;0;0;0;0;0;0;0;0;0;0;0;0;0;0;0;0;2;2;0;0;0;0;0;0;0;0;0;0
184;KML4423;36;2025-03-15 22:22:02;2025-03-15 22:22:44;4871;700853;52.2936;21.01351;http://maps.google.com/maps?q=52.2936%2C21.01351;7;7;2;0;0;0;0;0;0;0;0;0;0;0;0;0;0;0;0;0;0;0;1;0;0;0;0;0;0;0;0;1;0;0;0;0;0;1;0;0;0;0;0;0;0;0;0;0;0;1;2;0;0;0;0;0;0;0;3;0;0;0;0;0
185;KML4423;36;2025-03-15 22:25:37;2025-03-15 22:26:15;8207;705724;52.33404;20.986;http://maps.google.com/maps?q=52.33404%2C20.986;9;4;8;0;0;0;0;0;1;0;0;2;0;0;0;0;0;1;0;0;0;0;0;0;0;0;0;0;1;1;0;0;0;0;0;0;0;0;0;0;0;0;0;0;0;0;0;2;0;0;0;0;2;1;0;1;0;0;0;0;0;0;0;0
186;KML4423;36;2025-03-15 22:30:43;2025-03-15 22:31:33;2133;713931;52.40139;20.94175;http://maps.google.com/maps?q=52.40139%2C20.94175;21;6;42;0;2;2;0;0;0;0;0;2;0;0;0;0;0;3;0;0;0;0;0;0;0;0;8;0;0;4;0;0;0;0;0;0;0;0;0;0;0;11;0;0;0;0;0;2;0;0;0;0;1;5;0;3;5;0;0;0;0;0;0;0
187;KML4423;36;2025-03-15 22:33:32;2025-03-15 22:34:29;2082;716064;52.41107;20.91591;http://maps.google.com/maps?q=52.41107%2C20.91591;30;2;7;0;0;0;0;0;3;0;0;1;0;0;0;0;0;0;0;0;0;0;0;0;0;0;0;0;0;0;0;0;0;0;0;0;0;0;0;0;0;0;0;0;0;0;0;0;0;0;0;0;2;3;0;0;0;0;0;0;0;0;0;0
188;KML4423;36;2025-03-15 22:36:11;2025-03-15 22:36:52;11272;718146;52.41552;20.88624;http://maps.google.com/maps?q=52.41552%2C20.88624;13;2;14;0;1;2;0;0;5;0;0;2;0;0;0;0;0;0;0;0;0;0;0;0;0;0;0;0;0;0;0;0;0;0;0;0;0;0;0;0;0;0;0;0;0;0;0;0;0;0;0;0;1;2;0;0;3;0;0;0;0;0;0;0
189;KML4423;36;2025-03-15 22:42:40;2025-03-15 22:43:29;3660;729418;52.42534;20.72352;http://maps.google.com/maps?q=52.42534%2C20.72352;23;2;27;0;1;1;0;0;0;0;0;3;0;0;0;0;0;3;0;0;0;0;0;0;0;0;4;0;0;0;0;0;0;0;0;0;0;0;0;0;0;3;0;0;0;0;0;0;0;0;0;0;1;8;0;0;5;0;0;0;0;0;0;0
190;KML4423;36;2025-03-15 22:46:39;2025-03-15 23:14:35;3731;733078;52.4436583333333;20.70407;http://maps.google.com/maps?q=52.4436583333333%2C20.70407;1645;12;31;0;6;7;0;0;0;0;0;4;0;0;0;0;1;4;0;0;0;0;0;0;0;0;1;0;0;10;0;0;0;0;0;0;0;0;0;0;0;0;0;0;0;0;5;4;0;0;0;0;0;1;0;0;0;0;0;0;0;0;0;0
191;KML4423;36;2025-03-15 23:17:41;2025-03-15 23:18:20;15372;736809;52.42524;20.72437;http://maps.google.com/maps?q=52.42524%2C20.72437;8;6;1;0;0;0;0;0;0;0;0;0;0;1;0;0;0;0;0;2;0;0;2;0;0;0;0;0;0;0;0;0;0;0;0;0;0;1;1;0;0;0;0;0;0;0;0;0;0;0;0;0;0;0;0;0;0;0;0;0;0;0;0;0
192;KML4423;36;2025-03-15 23:27:10;2025-03-15 23:29:38;17790;752181;52.40163;20.94109;http://maps.google.com/maps?q=52.40163%2C20.94109;112;6;1;0;3;1;0;0;0;0;0;0;0;0;0;0;0;0;0;0;0;0;0;0;0;0;0;0;3;0;0;0;0;0;0;0;0;0;0;0;0;0;0;0;0;0;0;0;0;0;0;0;0;0;0;0;0;0;0;0;0;0;0;0
193;KML4423;36;2025-03-15 23:41:31;2025-03-15 23:42:35;2385;769971;52.26412;21.05212;http://maps.google.com/maps?q=52.26412%2C21.05212;33;1;3;0;0;0;0;0;0;0;0;0;0;0;0;0;0;0;0;0;0;0;0;0;0;0;0;0;0;0;0;0;0;0;0;0;0;1;3;0;0;0;0;0;0;0;0;0;0;0;0;0;0;0;0;0;0;0;0;0;0;0;0;0
194;KML4423;36;2025-03-15 23:46:40;2025-03-15 23:49:33;4616;772356;52.25163;21.05174;http://maps.google.com/maps?q=52.25163%2C21.05174;140;1;1;1;0;0;0;0;0;0;0;0;0;0;0;0;0;0;0;0;0;0;0;0;0;0;0;0;0;0;0;0;0;0;0;0;0;1;0;0;0;0;0;0;1;0;0;0;0;0;0;0;0;0;0;0;0;0;0;0;0;0;0;0
195;KML4423;36;2025-03-15 23:54:50;2025-03-15 23:56:33;2671;776972;0;0;n/a;74;4;15;1;0;0;0;0;0;0;0;0;0;0;0;0;0;0;0;0;4;0;0;5;0;0;0;0;0;0;0;0;4;0;0;0;0;2;1;0;0;0;0;0;1;0;0;0;0;1;0;0;0;0;0;0;0;0;0;0;0;1;0;0
196;KML4423;36;2025-03-15 23:59:32;2025-03-16 00:05:12;11120;779643;52.22041;20.96575;http://maps.google.com/maps?q=52.22041%2C20.96575;4;0;2;1;0;0;0;0;0;0;0;0;0;0;0;0;0;0;0;0;0;0;0;0;0;0;0;0;0;0;0;0;0;0;0;0;0;0;0;0;0;0;0;0;0;0;0;0;0;0;0;0;0;0;0;0;0;0;0;0;0;0;2;0
197;KML4423;36;2025-03-16 00:25:55;2025-03-16 00:25:55;0;790763;52.25461;21.10406;http://maps.google.com/maps?q=52.25461%2C21.10406;0;0;0;0;;;;;;;;;;;;;;;;;;;;;;;;;;;;;;;;;;;;;;;;;;;;;;;;;;;;;;;;;;;;
